{"calculated": true, "Message": "", "method": {"precision": 0.9982966567922132, "recall": 0.9864128752708131, "hmean": 0.9923191879630435}}