{"calculated": true, "Message": "", "method": {"precision": 0.9460894870862132, "recall": 0.9465256211180124, "hmean": 0.946307503850772}}