{"calculated": true, "Message": "", "method": {"precision": 0.9480283701677519, "recall": 0.9502135093167702, "hmean": 0.9491196820434524}}